{
  "btc": {
    "workers": {
      "BITCITY009.01": {
        "state": "ok",
        "last_share": 1781766884,
        "hash_rate_unit": "Gh/s",
        "hash_rate_5m": 186359.8908305135,
        "hash_rate_60m": 172217.7279381413,
        "hash_rate_24h": 170105.85115975377,
        "shares_5m": 13017088,
        "shares_60m": 144351232,
        "shares_24h": 3421945856
      },
      "BITCITY009.02": {
        "state": "ok",
        "last_share": 1781766807,
        "hash_rate_unit": "Gh/s",
        "hash_rate_5m": 150119.98757901654,
        "hash_rate_60m": 172950.73568999197,
        "hash_rate_24h": 176115.7002718716,
        "shares_5m": 10485760,
        "shares_60m": 144965632,
        "shares_24h": 3542843392
      },
      "BITCITY009.03": {
        "state": "ok",
        "last_share": 1781766879,
        "hash_rate_unit": "Gh/s",
        "hash_rate_5m": 172637.985715869,
        "hash_rate_60m": 177641.98530183622,
        "hash_rate_24h": 177287.80002840728,
        "shares_5m": 12058624,
        "shares_60m": 148897792,
        "shares_24h": 3566422016
      },
      "BITCITY009.04": {
        "state": "ok",
        "last_share": 1781766892,
        "hash_rate_unit": "Gh/s",
        "hash_rate_5m": 187649.98447377063,
        "hash_rate_60m": 175794.80576717254,
        "hash_rate_24h": 172936.88998801255,
        "shares_5m": 13107200,
        "shares_60m": 147349504,
        "shares_24h": 3478896640
      },
      "BITCITY009.05": {
        "state": "ok",
        "last_share": 1781766875,
        "hash_rate_unit": "Gh/s",
        "hash_rate_5m": 157625.98695796737,
        "hash_rate_60m": 188588.2343961395,
        "hash_rate_24h": 181149.83462097048,
        "shares_5m": 11010048,
        "shares_60m": 158072832,
        "shares_24h": 3644112896
      },
      "BITCITY009.06": {
        "state": "ok",
        "last_share": 1781766893,
        "hash_rate_unit": "Gh/s",
        "hash_rate_5m": 165131.9863369182,
        "hash_rate_60m": 166969.39243489053,
        "hash_rate_24h": 172599.50280889685,
        "shares_5m": 11534336,
        "shares_60m": 139952128,
        "shares_24h": 3472109568
      },
      "BITCITY009.07": {
        "state": "ok",
        "last_share": 1781766882,
        "hash_rate_unit": "Gh/s",
        "hash_rate_5m": 180143.98509481983,
        "hash_rate_60m": 181502.4927949164,
        "hash_rate_24h": 174884.5526686591,
        "shares_5m": 12582912,
        "shares_60m": 152133632,
        "shares_24h": 3518076928
      },
      "BITCITY009.08": {
        "state": "ok",
        "last_share": 1781766862,
        "hash_rate_unit": "Gh/s",
        "hash_rate_5m": 135107.98882111488,
        "hash_rate_60m": 170135.98592288542,
        "hash_rate_24h": 174035.99438925975,
        "shares_5m": 9437184,
        "shares_60m": 142606336,
        "shares_24h": 3501006848
      },
      "BITCITY009.09": {
        "state": "ok",
        "last_share": 1781766892,
        "hash_rate_unit": "Gh/s",
        "hash_rate_5m": 150119.98757901654,
        "hash_rate_60m": 172041.80607769714,
        "hash_rate_24h": 170875.91652572577,
        "shares_5m": 10485760,
        "shares_60m": 144203776,
        "shares_24h": 3437436928
      },
      "BITCITY009.10": {
        "state": "ok",
        "last_share": 1781766886,
        "hash_rate_unit": "Gh/s",
        "hash_rate_5m": 146366.9878895411,
        "hash_rate_60m": 182049.8052496316,
        "hash_rate_24h": 173422.71123687804,
        "shares_5m": 10223616,
        "shares_60m": 152592384,
        "shares_24h": 3488669696
      },
      "BITCITY009.11": {
        "state": "off",
        "last_share": 1771826782,
        "hash_rate_unit": "Gh/s",
        "hash_rate_5m": 0.0,
        "hash_rate_60m": 0.0,
        "hash_rate_24h": 0.0,
        "shares_5m": 0,
        "shares_60m": 0,
        "shares_24h": 0
      },
      "BITCITY009.12": {
        "state": "ok",
        "last_share": 1781766881,
        "hash_rate_unit": "Gh/s",
        "hash_rate_5m": 142613.9882000657,
        "hash_rate_60m": 175452.73548297558,
        "hash_rate_24h": 173074.43074811678,
        "shares_5m": 9961472,
        "shares_60m": 147062784,
        "shares_24h": 3481663488
      },
      "BITCITY009.13": {
        "state": "ok",
        "last_share": 1781766893,
        "hash_rate_unit": "Gh/s",
        "hash_rate_5m": 159971.6117638895,
        "hash_rate_60m": 167888.0954838767,
        "hash_rate_24h": 162022.40456295613,
        "shares_5m": 11173888,
        "shares_60m": 140722176,
        "shares_24h": 3259334656
      },
      "BITCITY009.14": {
        "state": "ok",
        "last_share": 1781766882,
        "hash_rate_unit": "Gh/s",
        "hash_rate_5m": 183896.9847842953,
        "hash_rate_60m": 164359.88483830215,
        "hash_rate_24h": 172740.4031878637,
        "shares_5m": 12845056,
        "shares_60m": 137764864,
        "shares_24h": 3474944000
      },
      "BITCITY009.15": {
        "state": "ok",
        "last_share": 1781766883,
        "hash_rate_unit": "Gh/s",
        "hash_rate_5m": 180143.98509481983,
        "hash_rate_60m": 181394.98499131165,
        "hash_rate_24h": 175006.00798087547,
        "shares_5m": 12582912,
        "shares_60m": 152043520,
        "shares_24h": 3520520192
      },
      "BITCITY009.16": {
        "state": "ok",
        "last_share": 1781766889,
        "hash_rate_unit": "Gh/s",
        "hash_rate_5m": 172637.985715869,
        "hash_rate_60m": 172637.985715869,
        "hash_rate_24h": 175931.63388085135,
        "shares_5m": 12058624,
        "shares_60m": 144703488,
        "shares_24h": 3539140608
      },
      "BITCITY009.17": {
        "state": "ok",
        "last_share": 1781766885,
        "hash_rate_unit": "Gh/s",
        "hash_rate_5m": 210167.98261062315,
        "hash_rate_60m": 165757.48628516408,
        "hash_rate_24h": 165976.72686760998,
        "shares_5m": 14680064,
        "shares_60m": 138936320,
        "shares_24h": 3338882048
      },
      "BITCITY009.18": {
        "state": "ok",
        "last_share": 1781766888,
        "hash_rate_unit": "Gh/s",
        "hash_rate_5m": 187649.98447377063,
        "hash_rate_60m": 182333.2349136805,
        "hash_rate_24h": 176911.4209091584,
        "shares_5m": 13107200,
        "shares_60m": 152829952,
        "shares_24h": 3558850560
      },
      "BITCITY009.19": {
        "state": "ok",
        "last_share": 1781766893,
        "hash_rate_unit": "Gh/s",
        "hash_rate_5m": 150119.98757901654,
        "hash_rate_60m": 175452.73548297558,
        "hash_rate_24h": 166951.57627425526,
        "shares_5m": 10485760,
        "shares_60m": 147062784,
        "shares_24h": 3358492672
      },
      "BITCITY009.20": {
        "state": "ok",
        "last_share": 1781766895,
        "hash_rate_unit": "Gh/s",
        "hash_rate_5m": 172637.985715869,
        "hash_rate_60m": 153872.98726849194,
        "hash_rate_24h": 163764.7232664523,
        "shares_5m": 12058624,
        "shares_60m": 128974848,
        "shares_24h": 3294384128
      },
      "BITCITY009.21": {
        "state": "ok",
        "last_share": 1781766891,
        "hash_rate_unit": "Gh/s",
        "hash_rate_5m": 120095.99006321322,
        "hash_rate_60m": 180007.15698114104,
        "hash_rate_24h": 171823.53265825717,
        "shares_5m": 8388608,
        "shares_60m": 150880256,
        "shares_24h": 3456499712
      },
      "BITCITY009.22": {
        "state": "ok",
        "last_share": 1781766887,
        "hash_rate_unit": "Gh/s",
        "hash_rate_5m": 202661.98323167232,
        "hash_rate_60m": 182958.7348619264,
        "hash_rate_24h": 174875.69549165756,
        "shares_5m": 14155776,
        "shares_60m": 153354240,
        "shares_24h": 3517898752
      },
      "BITCITY009.23": {
        "state": "ok",
        "last_share": 1781766894,
        "hash_rate_unit": "Gh/s",
        "hash_rate_5m": 180143.98509481983,
        "hash_rate_60m": 170448.73589700836,